nameModele|categorie|nameVues|url
TRIAL MINI ELECTRIC 20 XL|Cadre|ACCESSOIRES DU CHASSIS |https://partsfinder.softway.it/beta/draw/BT/431/002
TRIAL MINI ELECTRIC 20 XL|Cadre|CARENAGES-RESERVOIR-SELLE |https://partsfinder.softway.it/beta/draw/BT/431/010
TRIAL MINI ELECTRIC 20 XL|Cadre|CHASSIS |https://partsfinder.softway.it/beta/draw/BT/431/001
TRIAL MINI ELECTRIC 20 XL|Cadre|COMMANDES-GUIDON |https://partsfinder.softway.it/beta/draw/BT/431/005
TRIAL MINI ELECTRIC 20 XL|Cadre|FOUCHE ARRIERE-SUSPENSION AR. |https://partsfinder.softway.it/beta/draw/BT/431/003
TRIAL MINI ELECTRIC 20 XL|Cadre|FOURCHE |https://partsfinder.softway.it/beta/draw/BT/431/004
TRIAL MINI ELECTRIC 20 XL|Cadre|FREINS |https://partsfinder.softway.it/beta/draw/BT/431/006
TRIAL MINI ELECTRIC 20 XL|Cadre|INSTALLATIONE ÉLECTRIQUE |https://partsfinder.softway.it/beta/draw/BT/431/007
TRIAL MINI ELECTRIC 20 XL|Cadre|ROUE AR. |https://partsfinder.softway.it/beta/draw/BT/431/009
TRIAL MINI ELECTRIC 20 XL|Cadre|ROUE AV. |https://partsfinder.softway.it/beta/draw/BT/431/008nameModele|categorie|nameVues|url
TRIAL MINI ELECTRIC 20 XL|Cadre|ACCESSOIRES DU CHASSIS |https://partsfinder.softway.it/beta/draw/BT/431/032
TRIAL MINI ELECTRIC 20 XL|Cadre|CARENAGES-RESERVOIR-SELLE |https://partsfinder.softway.it/beta/draw/BT/431/043
TRIAL MINI ELECTRIC 20 XL|Cadre|CHASSIS |https://partsfinder.softway.it/beta/draw/BT/431/031
TRIAL MINI ELECTRIC 20 XL|Cadre|COMMANDES-GUIDON |https://partsfinder.softway.it/beta/draw/BT/431/035
TRIAL MINI ELECTRIC 20 XL|Cadre|FOUCHE ARRIERE-SUSPENSION AR. |https://partsfinder.softway.it/beta/draw/BT/431/033
TRIAL MINI ELECTRIC 20 XL|Cadre|FOURCHE |https://partsfinder.softway.it/beta/draw/BT/431/034
TRIAL MINI ELECTRIC 20 XL|Cadre|FREINS |https://partsfinder.softway.it/beta/draw/BT/431/036
TRIAL MINI ELECTRIC 20 XL|Cadre|INSTALLATIONE ÉLECTRIQUE |https://partsfinder.softway.it/beta/draw/BT/431/040
TRIAL MINI ELECTRIC 20 XL|Cadre|ROUE AR. |https://partsfinder.softway.it/beta/draw/BT/431/042
TRIAL MINI ELECTRIC 20 XL|Cadre|ROUE AV. |https://partsfinder.softway.it/beta/draw/BT/431/041nameModele|categorie|nameVues|url
TRIAL MINI ELECTRIC 16|vide|ACCESSOIRES DU CHASSIS |https://partsfinder.softway.it/beta/draw/BT/455/032
TRIAL MINI ELECTRIC 16|vide|CARENAGES-RESERVOIR-SELLE |https://partsfinder.softway.it/beta/draw/BT/455/043
TRIAL MINI ELECTRIC 16|vide|CARENAGES-RESERVOIR-SELLE |https://partsfinder.softway.it/beta/draw/BT/455/43A
TRIAL MINI ELECTRIC 16|vide|CHASSIS |https://partsfinder.softway.it/beta/draw/BT/455/031
TRIAL MINI ELECTRIC 16|vide|COMMANDES-GUIDON |https://partsfinder.softway.it/beta/draw/BT/455/035
TRIAL MINI ELECTRIC 16|vide|FOUCHE ARRIERE-SUSPENSION AR. |https://partsfinder.softway.it/beta/draw/BT/455/033
TRIAL MINI ELECTRIC 16|vide|FOURCHE |https://partsfinder.softway.it/beta/draw/BT/455/034
TRIAL MINI ELECTRIC 16|vide|FREINS |https://partsfinder.softway.it/beta/draw/BT/455/036
TRIAL MINI ELECTRIC 16|vide|INSTALLATIONE ÉLECTRIQUE |https://partsfinder.softway.it/beta/draw/BT/455/040
TRIAL MINI ELECTRIC 16|vide|INSTALLATIONE ÉLECTRIQUE |https://partsfinder.softway.it/beta/draw/BT/455/40A
TRIAL MINI ELECTRIC 16|vide|ROUE AR. |https://partsfinder.softway.it/beta/draw/BT/455/042
TRIAL MINI ELECTRIC 16|vide|ROUE AV. |https://partsfinder.softway.it/beta/draw/BT/455/041nameModele|categorie|nameVues|url
TRIAL MINI ELECTRIC 20|Cadre|ACCESSOIRES DU CHASSIS |https://partsfinder.softway.it/beta/draw/BT/456/032
TRIAL MINI ELECTRIC 20|Cadre|CARENAGES-RESERVOIR-SELLE |https://partsfinder.softway.it/beta/draw/BT/456/043
TRIAL MINI ELECTRIC 20|Cadre|CARENAGES-RESERVOIR-SELLE |https://partsfinder.softway.it/beta/draw/BT/456/43A
TRIAL MINI ELECTRIC 20|Cadre|CHASSIS |https://partsfinder.softway.it/beta/draw/BT/456/031
TRIAL MINI ELECTRIC 20|Cadre|COMMANDES-GUIDON |https://partsfinder.softway.it/beta/draw/BT/456/035
TRIAL MINI ELECTRIC 20|Cadre|FOUCHE ARRIERE-SUSPENSION AR. |https://partsfinder.softway.it/beta/draw/BT/456/033
TRIAL MINI ELECTRIC 20|Cadre|FOURCHE |https://partsfinder.softway.it/beta/draw/BT/456/034
TRIAL MINI ELECTRIC 20|Cadre|FREINS |https://partsfinder.softway.it/beta/draw/BT/456/036
TRIAL MINI ELECTRIC 20|Cadre|INSTALLATIONE ÉLECTRIQUE |https://partsfinder.softway.it/beta/draw/BT/456/040
TRIAL MINI ELECTRIC 20|Cadre|INSTALLATIONE ÉLECTRIQUE |https://partsfinder.softway.it/beta/draw/BT/456/40A
TRIAL MINI ELECTRIC 20|Cadre|ROUE AR. |https://partsfinder.softway.it/beta/draw/BT/456/042
TRIAL MINI ELECTRIC 20|Cadre|ROUE AV. |https://partsfinder.softway.it/beta/draw/BT/456/041nameModele|categorie|nameVues|url
SCOOTER ARK AIR MOFA|vide|ALLUMAGE |https://partsfinder.softway.it/beta/draw/BT/001/006
SCOOTER ARK AIR MOFA|vide|CARBURATEUR |https://partsfinder.softway.it/beta/draw/BT/001/008
SCOOTER ARK AIR MOFA|vide|CARTER |https://partsfinder.softway.it/beta/draw/BT/001/001
SCOOTER ARK AIR MOFA|vide|CYLINDRE-CULASSE-DISTRIBUTION |https://partsfinder.softway.it/beta/draw/BT/001/007
SCOOTER ARK AIR MOFA|vide|INSTALLATION DE REFROIDISSEMENT |https://partsfinder.softway.it/beta/draw/BT/001/005
SCOOTER ARK AIR MOFA|vide|TRANSMISSION PRINCIPALE/EMBRAYAGE |https://partsfinder.softway.it/beta/draw/BT/001/003
SCOOTER ARK AIR MOFA|vide|TRANSMISSION PRINCIPALE/EMBRAYAGE |https://partsfinder.softway.it/beta/draw/BT/001/004
SCOOTER ARK AIR MOFA|vide|VILEBREQUIN-PISTON-CONTRE-ARBRE |https://partsfinder.softway.it/beta/draw/BT/001/002nameModele|categorie|nameVues|url
TRIAL MINI ELECTRIC 20 XL|vide|ACCESSOIRES DU CHASSIS |https://partsfinder.softway.it/beta/draw/BT/431/032
TRIAL MINI ELECTRIC 20 XL|vide|CARENAGES-RESERVOIR-SELLE |https://partsfinder.softway.it/beta/draw/BT/431/043
TRIAL MINI ELECTRIC 20 XL|vide|CHASSIS |https://partsfinder.softway.it/beta/draw/BT/431/031
TRIAL MINI ELECTRIC 20 XL|vide|COMMANDES-GUIDON |https://partsfinder.softway.it/beta/draw/BT/431/035
TRIAL MINI ELECTRIC 20 XL|vide|FOUCHE ARRIERE-SUSPENSION AR. |https://partsfinder.softway.it/beta/draw/BT/431/033
TRIAL MINI ELECTRIC 20 XL|vide|FOURCHE |https://partsfinder.softway.it/beta/draw/BT/431/034
TRIAL MINI ELECTRIC 20 XL|vide|FREINS |https://partsfinder.softway.it/beta/draw/BT/431/036
TRIAL MINI ELECTRIC 20 XL|vide|INSTALLATIONE ÉLECTRIQUE |https://partsfinder.softway.it/beta/draw/BT/431/040
TRIAL MINI ELECTRIC 20 XL|vide|ROUE AR. |https://partsfinder.softway.it/beta/draw/BT/431/042
TRIAL MINI ELECTRIC 20 XL|vide|ROUE AV. |https://partsfinder.softway.it/beta/draw/BT/431/041nameModele|categorie|nameVues|url
TRIAL MINI ELECTRIC 16|Cadre|ACCESSOIRES DU CHASSIS |https://partsfinder.softway.it/beta/draw/BT/455/032
TRIAL MINI ELECTRIC 16|Cadre|CARENAGES-RESERVOIR-SELLE |https://partsfinder.softway.it/beta/draw/BT/455/043
TRIAL MINI ELECTRIC 16|Cadre|CARENAGES-RESERVOIR-SELLE |https://partsfinder.softway.it/beta/draw/BT/455/43A
TRIAL MINI ELECTRIC 16|Cadre|CHASSIS |https://partsfinder.softway.it/beta/draw/BT/455/031
TRIAL MINI ELECTRIC 16|Cadre|COMMANDES-GUIDON |https://partsfinder.softway.it/beta/draw/BT/455/035
TRIAL MINI ELECTRIC 16|Cadre|FOUCHE ARRIERE-SUSPENSION AR. |https://partsfinder.softway.it/beta/draw/BT/455/033
TRIAL MINI ELECTRIC 16|Cadre|FOURCHE |https://partsfinder.softway.it/beta/draw/BT/455/034
TRIAL MINI ELECTRIC 16|Cadre|FREINS |https://partsfinder.softway.it/beta/draw/BT/455/036
TRIAL MINI ELECTRIC 16|Cadre|INSTALLATIONE ÉLECTRIQUE |https://partsfinder.softway.it/beta/draw/BT/455/040
TRIAL MINI ELECTRIC 16|Cadre|INSTALLATIONE ÉLECTRIQUE |https://partsfinder.softway.it/beta/draw/BT/455/40A
TRIAL MINI ELECTRIC 16|Cadre|ROUE AR. |https://partsfinder.softway.it/beta/draw/BT/455/042
TRIAL MINI ELECTRIC 16|Cadre|ROUE AV. |https://partsfinder.softway.it/beta/draw/BT/455/041